Japanese,English
全ての親,Master
マスター,Master
操作中心,Operation Center
センター,Center
グルーブ,Groove
腰,Waist
下半身,Lower Body
上半身,Upper Body
上半身2,Upper Body 2
上半身２,Upper Body 2
首,Neck
頭,Head
両目,Both Eyes
左目,Left Eye
右目,Right Eye
左目先,Left Eye Tip
右目先,Right Eye Tip
左肩,Left Shoulder
右肩,Right Shoulder
左肩P,Left Shoulder Parent
右肩P,Right Shoulder Parent
左肩C,Left Shoulder Child
右肩C,Right Shoulder Child
左腕,Left Arm
右腕,Right Arm
左ひじ,Left Elbow
左肘,Left Elbow
右ひじ,Right Elbow
右肘,Right Elbow
左手首,Left Wrist
右手首,Right Wrist
左腕捩,Left Arm Twist
左腕捻,Left Arm Twist
右腕捩,Right Arm Twist
右腕捻,Right Arm Twist
左腕捩1,Left Arm Twist 1
左腕捩2,Left Arm Twist 2
左腕捩3,Left Arm Twist 3
右腕捩1,Right Arm Twist 1
右腕捩2,Right Arm Twist 2
右腕捩3,Right Arm Twist 3
左手捩,Left Hand Twist
左手捻,Left Hand Twist
右手捩,Right Hand Twist
右手捻,Right Hand Twist
左手捩1,Left Hand Twist 1
左手捩2,Left Hand Twist 2
左手捩3,Left Hand Twist 3
右手捩1,Right Hand Twist 1
右手捩2,Right Hand Twist 2
右手捩3,Right Hand Twist 3
左足,Left Leg
右足,Right Leg
左ひざ,Left Knee
左膝,Left Knee
右ひざ,Right Knee
右膝,Right Knee
左足首,Left Ankle
右足首,Right Ankle
左足ＩＫ,Left Leg IK
左足IK,Left Leg IK
右足ＩＫ,Right Leg IK
右足IK,Right Leg IK
左つま先,Left Toe
右つま先,Right Toe
左つま先ＩＫ,Left Toe IK
左つま先IK,Left Toe IK
右つま先ＩＫ,Right Toe IK
右つま先IK,Right Toe IK
足ＩＫ親,Leg IK Parent
足IK親,Leg IK Parent
左足ＩＫ親,Left Leg IK Parent
左足IK親,Left Leg IK Parent
右足ＩＫ親,Right Leg IK Parent
右足IK親,Right Leg IK Parent
足先ＥＸ,Toe EX
足先EX,Toe EX
左足先EX,Left Toe EX
右足先EX,Right Toe EX
左足D,Left Leg D
右足D,Right Leg D
左親指０,Left Thumb 0
左親指0,Left Thumb 0
左親指１,Left Thumb 1
左親指1,Left Thumb 1
左親指２,Left Thumb 2
左親指2,Left Thumb 2
左親指先,Left Thumb Tip
右親指０,Right Thumb 0
右親指0,Right Thumb 0
右親指１,Right Thumb 1
右親指1,Right Thumb 1
右親指２,Right Thumb 2
右親指2,Right Thumb 2
右親指先,Right Thumb Tip
左人指１,Left Index 1
左人指1,Left Index 1
左人差指１,Left Index 1
左人差指1,Left Index 1
左人指２,Left Index 2
左人指2,Left Index 2
左人差指２,Left Index 2
左人差指2,Left Index 2
左人指３,Left Index 3
左人指3,Left Index 3
左人差指３,Left Index 3
左人差指3,Left Index 3
左人指先,Left Index Tip
左人差指先,Left Index Tip
右人指１,Right Index 1
右人指1,Right Index 1
右人差指１,Right Index 1
右人差指1,Right Index 1
右人指２,Right Index 2
右人指2,Right Index 2
右人差指２,Right Index 2
右人差指2,Right Index 2
右人指３,Right Index 3
右人指3,Right Index 3
右人差指３,Right Index 3
右人差指3,Right Index 3
右人指先,Right Index Tip
右人差指先,Right Index Tip
左中指１,Left Middle Finger 1
左中指1,Left Middle Finger 1
左中指２,Left Middle Finger 2
左中指2,Left Middle Finger 2
左中指３,Left Middle Finger 3
左中指3,Left Middle Finger 3
左中指先,Left Middle Finger Tip
右中指１,Right Middle Finger 1
右中指1,Right Middle Finger 1
右中指２,Right Middle Finger 2
右中指2,Right Middle Finger 2
右中指３,Right Middle Finger 3
右中指3,Right Middle Finger 3
右中指先,Right Middle Finger Tip
左薬指１,Left Ring Finger 1
左薬指1,Left Ring Finger 1
左薬指２,Left Ring Finger 2
左薬指2,Left Ring Finger 2
左薬指３,Left Ring Finger 3
左薬指3,Left Ring Finger 3
左薬指先,Left Ring Finger Tip
右薬指１,Right Ring Finger 1
右薬指1,Right Ring Finger 1
右薬指２,Right Ring Finger 2
右薬指2,Right Ring Finger 2
右薬指３,Right Ring Finger 3
右薬指3,Right Ring Finger 3
右薬指先,Right Ring Finger Tip
左小指１,Left Little Finger 1
左小指1,Left Little Finger 1
左小指２,Left Little Finger 2
左小指2,Left Little Finger 2
左小指３,Left Little Finger 3
左小指3,Left Little Finger 3
左小指先,Left Little Finger Tip
右小指１,Right Little Finger 1
右小指1,Right Little Finger 1
右小指２,Right Little Finger 2
右小指2,Right Little Finger 2
右小指３,Right Little Finger 3
右小指3,Right Little Finger 3
右小指先,Right Little Finger Tip
胸,Chest
左胸,Left Breast
右胸,Right Breast
胸先,Chest Tip
鼻,Nose
口,Mouth
あご,Chin
顎,Chin
舌,Tongue
舌1,Tongue 1
舌2,Tongue 2
髪,Hair
前髪,Bangs
後髪,Back Hair
横髪,Side Hair
左横髪,Left Side Hair
右横髪,Right Side Hair
左髪,Left Hair
右髪,Right Hair
髪親,Hair Parent
前髪親,Bangs Parent
後髪親,Back Hair Parent
ツインテール,Twin Tail
ポニーテール,Ponytail
アホ毛,Ahoge
もみあげ,Sideburns
髪1,Hair 1
髪2,Hair 2
髪3,Hair 3
顔,Face
肌,Skin
白目,Eye Whites
まつ毛,Eyelashes
服,Clothes
スカート,Skirt
左スカート,Left Skirt
右スカート,Right Skirt
前スカート,Front Skirt
後スカート,Back Skirt
スカート親,Skirt Parent
靴,Shoes
靴下,Socks
ネクタイ,Necktie
リボン,Ribbon
シャツ,Shirt
ブーツ,Boots
メガネ,Glasses
あ,A
い,I
う,U
え,E
お,O
ん,N
まばたき,Blink
目閉じ,Eyes Closed
目開き,Eyes Open
ウィンク,Wink
ウインク,Wink
笑い,Smile
にっこり,Happy Smile
なごみ,Calm Eyes
困る,Worried
怒り,Angry
哀しみ,Sad
悲しい,Sad
驚き,Surprised
びっくり,Surprised
真面目,Serious
照れ,Blush
涙,Tears
目大,Eyes Wide
目小,Eyes Narrow
じと目,Half-Lidded Eyes
上目遣い,Upward Gaze
下目,Downward Gaze
猫目,Cat Eyes
ハイライト,Eye Highlights
ハイライト消し,Remove Eye Highlights
黒目,Pupils
眉上,Brows Up
眉下,Brows Down
眉困,Worried Brows
眉怒,Angry Brows
眉,Brows
口開き,Mouth Open
口閉じ,Mouth Closed
口角上げ,Smile
口角下げ,Frown
口横広げ,Mouth Wide
口縦広げ,Mouth Tall
口すぼめ,Pucker
歯,Teeth
歯茎,Gums
舌出し,Tongue Out
頬染め,Blush
ほっぺ,Cheeks
汗,Sweat
青ざめ,Pale
赤面,Blush
ガーン,Shock
えーん,Crying
なし,None
全て,All
ボーン,Bone
腕,Arm
表情,Expression
表情モーション,Expression Motion
グループ,Group
肩,Shoulder
肩P,Shoulder P
胸部,Chest
腹,Abdomen
お腹,Belly
腰飾り,Waist Decoration
ひじ,Elbow
手,Hand
手首,Wrist
足,Leg
ひざ,Knee
足首,Ankle
つま先,Toe
足先,Toe
目,Eye
人差指,Index Finger
親指,Thumb
中指,Middle Finger
薬指,Ring Finger
小指,Little Finger
骨盤,Pelvis
もも,Thigh
太もも,Thigh
ｽｶｰﾄ,Skirt
二重まぶた,Double Eyelid
星目,Star Eyes
ﾈｸﾀｲ,Necktie
袖,Sleeve
つま先ＩＫ,Toe IK
ダミー,Dummy
おっぱい,Breast
頭飾り,Head Accessory
目光,Eye Light
左リボン,Left Ribbon
右リボン,Right Ribbon
左手持ちダミー,Left Hand Dummy
右手持ちダミー,Right Hand Dummy
体,Body
髮,Hair
耳,Ear
爪,Fingernail
牙,Fang
尾,Tail
帽,Hat
帽子,Hat
帽子非表示,Hide Hat
金属,Metal
胸親,Breast Parent
腰キャンセル左,Waist Cancel Left
腰キャンセル右,Waist Cancel Right
左腕捩先,Left Arm Twist End
右腕捩先,Right Arm Twist End
左手捩先,Left Wrist Twist End
右手捩先,Right Wrist Twist End
左足IK先,Left Leg IK End
右足IK先,Right Leg IK End
左つま先IK先,Left Toe IK End
右つま先IK先,Right Toe IK End
左腕D,Left Arm D
右腕D,Right Arm D
左腕捩D,Left Arm Twist D
右腕捩D,Right Arm Twist D
左ひじD,Left Elbow D
右ひじD,Right Elbow D
左手首D,Left Wrist D
右手首D,Right Wrist D
左手捩D,Left Wrist Twist D
右手捩D,Right Wrist Twist D
左ひざD,Left Knee D
右ひざD,Right Knee D
左足首D,Left Ankle D
右足首D,Right Ankle D
向き,Direction
補助,Assist
調整,Adjust
抽出,Extract
軸,Axis
光消,Highlight Off
呼吸,Breathing
深呼吸,Deep Breath
ぐるぐる,Dizzy
たくらむ,Scheming
はぁと,Heart
むすっ,Annoyed
やや驚く,Slightly Surprised
イライラ,Irritated
キラキラ,Sparkle
グルグル,Dizzy
コッチミンナ,Don't Look At Me
デフォ,Default
ニカッ,Grin
ニッ,Grin
ハイライト←,Highlight Left
ハイライト↑,Highlight Up
ハイライト→,Highlight Right
ハイライト↓,Highlight Down
ハイライト下,Highlight Down
ハイライト拡大,Expand Highlights
ハイライト除去,Remove Highlights
ハート,Heart
ベルト,Belt
マジメ,Serious
上がる,Raised
下がる,Lowered
下まぶた,Lower Eyelid
下瞼上げ,Raise Lower Eyelid
下瞼上げ右,Raise Lower Eyelid Right
下瞼上げ左,Raise Lower Eyelid Left
不機嫌,Cranky
前進,Forward
叫び,Shout
嘲笑,Sneer
平行,Flat Brows
平行右,Flat Brows Right
平行左,Flat Brows Left
影化,Shadow
後退,Backward
怒,Angry
怒る,Angry
怒る右,Angry Right
怒る左,Angry Left
悲しむ,Sad
見開き,Eyes Wide
見開く,Eyes Wide
驚く,Surprised
驚く右,Surprised Right
驚く左,Surprised Left
笑,Smile
絶望,Despair
眇める,Squint
照れ斜線,Blush Lines
照れ消,Remove Blush
青ざめる,Pale
高さ調整,Height Adjust
鼻上,Nose Up
鼻下,Nose Down
にやり,Grin
ワ,Wa
ω,Omega
てへぺろ,Tehepero
ぺろっ,Tongue Out
口横狭め,Mouth Narrow
舌広げ,Tongue Spread
喜び,Joy
怒り目,Angry Eyes
眼角,Eye Corner
下眼上,Lower Eye Up
にこり,Gentle Smile
恥ずかしい,Shy
瞳小,Small Pupils
ジト目,Stare
ハイライト消,Highlight Off
